Workbook

Sheet prezzi mensili
A1: Date | B1: @SPCB | C1: U:NOC | D1: @MANH | E1: @GEN | F1: @ZIXI | G1: @INTZ | H1: @CHKP | I1: @VRSN | J1: U:NTIP | K1: @TMICF | L1: =CONCATENATE(B1,"-YIELD") -> @SPCB-YIELD | M1: =CONCATENATE(C1,"-YIELD") -> U:NOC-YIELD | N1: =CONCATENATE(D1,"-YIELD") -> @MANH-YIELD | O1: =CONCATENATE(E1,"-YIELD") -> @GEN-YIELD | P1: =CONCATENATE(F1,"-YIELD") -> @ZIXI-YIELD | Q1: =CONCATENATE(G1,"-YIELD") -> @INTZ-YIELD | R1: =CONCATENATE(H1,"-YIELD") -> @CHKP-YIELD | S1: =CONCATENATE(I1,"-YIELD") -> @VRSN-YIELD | ... U1: =CONCATENATE(K1,"-YIELD") -> @TMICF-YIELD
A2: 41640 | B2: 923.999 | C2: 114.61 | D2: 29.37 | E2: 13.6236 | F2: 4.56 | G2: 26.4 | H2: 64.499 | I2: 59.78 | J2: 1.58 | K2: 35.55
A3: 41671 | B3: 1199.999 | C3: 113.25 | D3: 33.26 | E3: 11.9886 | F3: 4.41 | G3: 33 | H3: 63.43 | I3: 56.28 | J3: 1.65 | K3: 31.09 | L3: =12*(B3-B2)/B2-'tassi 1 mese'!$D5 -> 3.5344195 | M3: =12*(C3-C2)/C2-'tassi 1 mese'!$D5 -> -0.19239595 | N3: =12*(D3-D2)/D2-'tassi 1 mese'!$D5 -> 1.5393769 | O3: =12*(E3-E2)/E2-'tassi 1 mese'!$D5 -> -1.490148 | P3: =12*(F3-F2)/F2-'tassi 1 mese'!$D5 -> -0.44473684 | Q3: =12*(G3-G2)/G2-'tassi 1 mese'!$D5 -> 2.95 | R3: =12*(H3-H2)/H2-'tassi 1 mese'!$D5 -> -0.2488868 | S3: =12*(I3-I2)/I2-'tassi 1 mese'!$D5 -> -0.75257611 | ... U3: =12*(K3-K2)/K2-'tassi 1 mese'!$D5 -> -1.5554852
A4: 41699 | B4: 1176 | C4: 121.02 | D4: 37.24 | E4: 12.3583 | F4: 4.47 | G4: 44 | H4: 67.25 | I4: 55.19 | J4: 1.7 | K4: 32.66 | L4: =12*(B4-B3)/B3-'tassi 1 mese'!$D6 -> -0.2899902 | M4: =12*(C4-C3)/C3-'tassi 1 mese'!$D6 -> 0.77331126 | N4: =12*(D4-D3)/D3-'tassi 1 mese'!$D6 -> 1.3859591 | O4: =12*(E4-E3)/E3-'tassi 1 mese'!$D6 -> 0.32005155 | P4: =12*(F4-F3)/F3-'tassi 1 mese'!$D6 -> 0.11326531 | Q4: =12*(G4-G3)/G3-'tassi 1 mese'!$D6 -> 3.95 | R4: =12*(H4-H3)/H3-'tassi 1 mese'!$D6 -> 0.67268643 | S4: =12*(I4-I3)/I3-'tassi 1 mese'!$D6 -> -0.28240938 | ... U4: =12*(K4-K3)/K3-'tassi 1 mese'!$D6 -> 0.55598263
A5: 41730 | B5: 1274 | C5: 123.95 | D5: 35.9 | E5: 11.6592 | F5: 4.18 | G5: 46 | H5: 68.17 | I5: 53.95 | J5: 1.73 | K5: 31 | L5: =12*(B5-B4)/B4-'tassi 1 mese'!$D7 -> 0.97 | M5: =12*(C5-C4)/C4-'tassi 1 mese'!$D7 -> 0.26053049 | N5: =12*(D5-D4)/D4-'tassi 1 mese'!$D7 -> -0.46179377 | O5: =12*(E5-E4)/E4-'tassi 1 mese'!$D7 -> -0.70883123 | P5: =12*(F5-F4)/F4-'tassi 1 mese'!$D7 -> -0.80852349 | Q5: =12*(G5-G4)/G4-'tassi 1 mese'!$D7 -> 0.51545455 | R5: =12*(H5-H4)/H4-'tassi 1 mese'!$D7 -> 0.13416357 | S5: =12*(I5-I4)/I4-'tassi 1 mese'!$D7 -> -0.29961406 | ... U5: =12*(K5-K4)/K4-'tassi 1 mese'!$D7 -> -0.63992039
A6: 41760 | B6: 1548 | C6: 120.61 | D6: 31.7 | E6: 11.6477 | F6: 3.32 | G6: 46 | H6: 64.18 | I6: 47.605 | J6: 1.58 | K6: 31.09 | L6: =12*(B6-B5)/B5-'tassi 1 mese'!$D8 -> 2.5408477 | M6: =12*(C6-C5)/C5-'tassi 1 mese'!$D8 -> -0.36335619 | N6: =12*(D6-D5)/D5-'tassi 1 mese'!$D8 -> -1.4438997 | O6: =12*(E6-E5)/E5-'tassi 1 mese'!$D8 -> -0.051836147 | P6: =12*(F6-F5)/F5-'tassi 1 mese'!$D8 -> -2.5088995 | Q6: =12*(G6-G5)/G5-'tassi 1 mese'!$D8 -> -0.04 | R6: =12*(H6-H5)/H5-'tassi 1 mese'!$D8 -> -0.74236174 | S6: =12*(I6-I5)/I5-'tassi 1 mese'!$D8 -> -1.4513068 | ... U6: =12*(K6-K5)/K5-'tassi 1 mese'!$D8 -> -0.0051612903
A7: 41791 | B7: 1977.999 | C7: 121.96 | D7: 32.64 | E7: 12.6299 | F7: 3.29 | G7: 39.8 | H7: 64.49 | I7: 49.97 | J7: 1.67 | K7: 31.11 | L7: =12*(B7-B6)/B6-'tassi 1 mese'!$D9 -> 3.2933256 | M7: =12*(C7-C6)/C6-'tassi 1 mese'!$D9 -> 0.094317221 | N7: =12*(D7-D6)/D6-'tassi 1 mese'!$D9 -> 0.31583596 | O7: =12*(E7-E6)/E6-'tassi 1 mese'!$D9 -> 0.97190793 | P7: =12*(F7-F6)/F6-'tassi 1 mese'!$D9 -> -0.14843373 | Q7: =12*(G7-G6)/G6-'tassi 1 mese'!$D9 -> -1.6573913 | R7: =12*(H7-H6)/H6-'tassi 1 mese'!$D9 -> 0.017961982 | S7: =12*(I7-I6)/I6-'tassi 1 mese'!$D9 -> 0.55615587 | ... U7: =12*(K7-K6)/K6-'tassi 1 mese'!$D9 -> -0.032280476
A8: 41821 | B8: 2041.999 | C8: 120.43 | D8: 35.36 | E8: 13.2192 | F8: 3.39 | G8: 36.6 | H8: 67.29 | I8: 48.67 | J8: 2.04 | K8: 31.11 | L8: =12*(B8-B7)/B7-'tassi 1 mese'!$D10 -> 0.35827118 | M8: =12*(C8-C7)/C7-'tassi 1 mese'!$D10 -> -0.18054116 | N8: =12*(D8-D7)/D7-'tassi 1 mese'!$D10 -> 0.97 | O8: =12*(E8-E7)/E7-'tassi 1 mese'!$D10 -> 0.52990942 | P8: =12*(F8-F7)/F7-'tassi 1 mese'!$D10 -> 0.33474164 | Q8: =12*(G8-G7)/G7-'tassi 1 mese'!$D10 -> -0.99482412 | R8: =12*(H8-H7)/H7-'tassi 1 mese'!$D10 -> 0.49101101 | S8: =12*(I8-I7)/I7-'tassi 1 mese'!$D10 -> -0.34218731 | ... U8: =12*(K8-K7)/K7-'tassi 1 mese'!$D10 -> -0.03
A9: 41852 | B9: 1798 | C9: 123.92 | D9: 29.34 | E9: 13.3867 | F9: 3.44 | G9: 34.2 | H9: 66.59 | I9: 53.2 | J9: 1.96 | K9: 35.66 | L9: =12*(B9-B8)/B8-'tassi 1 mese'!$D11 -> -1.4638832 | M9: =12*(C9-C8)/C8-'tassi 1 mese'!$D11 -> 0.31775388 | N9: =12*(D9-D8)/D8-'tassi 1 mese'!$D11 -> -2.0729864 | O9: =12*(E9-E8)/E8-'tassi 1 mese'!$D11 -> 0.12205156 | P9: =12*(F9-F8)/F8-'tassi 1 mese'!$D11 -> 0.14699115 | Q9: =12*(G9-G8)/G8-'tassi 1 mese'!$D11 -> -0.81688525 | R9: =12*(H9-H8)/H8-'tassi 1 mese'!$D11 -> -0.15483281 | S9: =12*(I9-I8)/I8-'tassi 1 mese'!$D11 -> 1.0869098 | ... U9: =12*(K9-K8)/K8-'tassi 1 mese'!$D11 -> 1.7250627
A10: 41883 | B10: 2338 | C10: 127.22 | D10: 28.88 | E10: 14.0281 | F10: 3.85 | G10: 56 | H10: 71.02 | I10: 57.075 | J10: 2.15 | K10: 35.66 | L10: =12*(B10-B9)/B9-'tassi 1 mese'!$D12 -> 3.5840044 | M10: =12*(C10-C9)/C9-'tassi 1 mese'!$D12 -> 0.29956101 | N10: =12*(D10-D9)/D9-'tassi 1 mese'!$D12 -> -0.20813906 | O10: =12*(E10-E9)/E9-'tassi 1 mese'!$D12 -> 0.55495873 | P10: =12*(F10-F9)/F9-'tassi 1 mese'!$D12 -> 1.4102326 | Q10: =12*(G10-G9)/G9-'tassi 1 mese'!$D12 -> 7.6291228 | R10: =12*(H10-H9)/H9-'tassi 1 mese'!$D12 -> 0.77831807 | S10: =12*(I10-I9)/I9-'tassi 1 mese'!$D12 -> 0.85406015 | ... U10: =12*(K10-K9)/K9-'tassi 1 mese'!$D12 -> -0.02
A11: 41913 | B11: 2400 | C11: 128.02 | D11: 32.5 | E11: 13.3174 | F11: 3.35 | G11: 58 | H11: 67.94 | I11: 54.31 | J11: 2.1 | K11: 35.66 | L11: =12*(B11-B10)/B10-'tassi 1 mese'!$D13 -> 0.3082207 | M11: =12*(C11-C10)/C10-'tassi 1 mese'!$D13 -> 0.065459833 | N11: =12*(D11-D10)/D10-'tassi 1 mese'!$D13 -> 1.4941551 | O11: =12*(E11-E10)/E10-'tassi 1 mese'!$D13 -> -0.61795118 | P11: =12*(F11-F10)/F10-'tassi 1 mese'!$D13 -> -1.5684416 | Q11: =12*(G11-G10)/G10-'tassi 1 mese'!$D13 -> 0.41857143 | R11: =12*(H11-H10)/H10-'tassi 1 mese'!$D13 -> -0.53041678 | S11: =12*(I11-I10)/I10-'tassi 1 mese'!$D13 -> -0.59134034 | ... U11: =12*(K11-K10)/K10-'tassi 1 mese'!$D13 -> -0.01
A12: 41944 | B12: 2432 | C12: 136.96 | D12: 39.86 | E12: 14.5596 | F12: 3.28 | G12: 59.3999 | H12: 73.7 | I12: 59.56 | J12: 2.2 | K12: 33.99 | L12: =12*(B12-B11)/B11-'tassi 1 mese'!$D14 -> 0.14 | M12: =12*(C12-C11)/C11-'tassi 1 mese'!$D14 -> 0.81799406 | N12: =12*(D12-D11)/D11-'tassi 1 mese'!$D14 -> 2.6975385 | O12: =12*(E12-E11)/E11-'tassi 1 mese'!$D14 -> 1.0993176 | P12: =12*(F12-F11)/F11-'tassi 1 mese'!$D14 -> -0.27074627 | Q12: =12*(G12-G11)/G11-'tassi 1 mese'!$D14 -> 0.26963448 | R12: =12*(H12-H11)/H11-'tassi 1 mese'!$D14 -> 0.99736827 | S12: =12*(I12-I11)/I11-'tassi 1 mese'!$D14 -> 1.1400074 | ... U12: =12*(K12-K11)/K11-'tassi 1 mese'!$D14 -> -0.5819742
A13: 41974 | B13: 2255.999 | C13: 138.76 | D13: 39.06 | E13: 15.224 | F13: 3.09 | G13: 57.8 | H13: 76.59 | I13: 58.71 | J13: 2.11 | K13: 32.58 | L13: =12*(B13-B12)/B12-'tassi 1 mese'!$D15 -> -0.90842599 | M13: =12*(C13-C12)/C12-'tassi 1 mese'!$D15 -> 0.11771028 | N13: =12*(D13-D12)/D12-'tassi 1 mese'!$D15 -> -0.28084295 | O13: =12*(E13-E12)/E12-'tassi 1 mese'!$D15 -> 0.50759746 | P13: =12*(F13-F12)/F12-'tassi 1 mese'!$D15 -> -0.73512195 | Q13: =12*(G13-G12)/G12-'tassi 1 mese'!$D15 -> -0.36321267 | R13: =12*(H13-H12)/H12-'tassi 1 mese'!$D15 -> 0.43055631 | S13: =12*(I13-I12)/I12-'tassi 1 mese'!$D15 -> -0.21125588 | ... U13: =12*(K13-K12)/K12-'tassi 1 mese'!$D15 -> -0.53779347
A14: 42005 | B14: 2042 | C14: 147.39 | D14: 40.72 | E14: 14.8225 | F14: 3.6 | G14: 56.3999 | H14: 78.57 | I14: 57 | J14: 2.2 | K14: 27.93 | L14: =12*(B14-B13)/B13-'tassi 1 mese'!$D16 -> -1.1582931 | M14: =12*(C14-C13)/C13-'tassi 1 mese'!$D16 -> 0.72632459 | N14: =12*(D14-D13)/D13-'tassi 1 mese'!$D16 -> 0.48998464 | O14: =12*(E14-E13)/E13-'tassi 1 mese'!$D16 -> -0.33647399 | P14: =12*(F14-F13)/F13-'tassi 1 mese'!$D16 -> 1.9605825 | Q14: =12*(G14-G13)/G13-'tassi 1 mese'!$D16 -> -0.3106782 | R14: =12*(H14-H13)/H13-'tassi 1 mese'!$D16 -> 0.29022327 | S14: =12*(I14-I13)/I13-'tassi 1 mese'!$D16 -> -0.36951456 | ... U14: =12*(K14-K13)/K13-'tassi 1 mese'!$D16 -> -1.7327072
... A133: 45627 | B133: 3.4 | C133: 484.75 | D133: 286.3701 | E133: 30.93 | F133: 8.48 | G133: 0.5304 | H133: 182.18 | I133: 192.49 | J133: 1.33 | K133: 59.0802 | L133: =12*(B133-B132)/B132-'tassi 1 mese'!$D135 -> -3.3593375 | M133: =12*(C133-C132)/C132-'tassi 1 mese'!$D135 -> -4.7554956 | N133: =12*(D133-D132)/D132-'tassi 1 mese'!$D135 -> -3.2304165 | O133: =12*(E133-E132)/E132-'tassi 1 mese'!$D135 -> -3.1008879 | P133: =12*(F133-F132)/F132-'tassi 1 mese'!$D135 -> -4.23 | Q133: =12*(G133-G132)/G132-'tassi 1 mese'!$D135 -> -7.6300811 | R133: =12*(H133-H132)/H132-'tassi 1 mese'!$D135 -> -3.4079472 | S133: =12*(I133-I132)/I132-'tassi 1 mese'!$D135 -> -3.1561942 | ... U133: =12*(K133-K132)/K132-'tassi 1 mese'!$D135 -> -4.23

Sheet regressione
A1: Date | B1: @SPCB-YIELD | C1: U:NOC-YIELD | D1: @MANH-YIELD | E1: @GEN-YIELD | F1: @ZIXI-YIELD | G1: @INTZ-YIELD | H1: @CHKP-YIELD | I1: @VRSN-YIELD | J1: U:NTIP-YIELD | K1: @TMICF-YIELD | L1: NASDAQ 100 - YIELD | M1: CYBER
A2: 41671 | B2: 3.5344195 | C2: -0.19239595 | D2: 1.5393769 | E2: -1.490148 | F2: -0.44473684 | G2: 2.95 | H2: -0.2488868 | I2: -0.75257611 | J2: 0.48164557 | K2: -1.5554852 | L2: -0.50612472 | M2: 0.079614313
A3: 41699 | B3: -0.2899902 | C3: 0.77331126 | D3: 1.3859591 | E3: 0.32005155 | F3: 0.11326531 | G3: 3.95 | H3: 0.67268643 | I3: -0.28240938 | J3: 0.31363636 | K3: 0.55598263 | L3: 0.79477983 | M3: 0.027955411
A4: 41730 | B4: 0.97 | C4: 0.26053049 | D4: -0.46179377 | E4: -0.70883123 | F4: -0.80852349 | G4: 0.51545455 | H4: 0.13416357 | I4: -0.29961406 | J4: 0.18176471 | K4: -0.63992039 | L4: -0.03261394 | M4: 0.03968254
A5: 41760 | B5: 2.5408477 | C5: -0.36335619 | D5: -1.4438997 | E5: -0.051836147 | F5: -2.5088995 | G5: -0.04 | H5: -0.74236174 | I5: -1.4513068 | J5: -1.0804624 | K5: -0.0051612903 | L5: -0.21005904 | M5: 0.11141316
A6: 41791 | B6: 3.2933256 | C6: 0.094317221 | D6: 0.31583596 | E6: 0.97190793 | F6: -0.14843373 | G6: -1.6573913 | H6: 0.017961982 | I6: 0.55615587 | J6: 0.6435443 | K6: -0.032280476 | L6: 0.46272494 | M6: 0.058741856
A7: 41821 | B7: 0.35827118 | C7: -0.18054116 | D7: 0.97 | E7: 0.52990942 | F7: 0.33474164 | G7: -0.99482412 | H7: 0.49101101 | I7: -0.34218731 | J7: 2.6286826 | K7: -0.03 | L7: 0.51874116 | M7: 0.018210956
A8: 41852 | B8: -1.4638832 | C8: 0.31775388 | D8: -2.0729864 | E8: 0.12205156 | F8: 0.14699115 | G8: -0.81688525 | H8: -0.15483281 | I8: 1.0869098 | J8: -0.50058824 | K8: 1.7250627 | L8: -0.045173367 | M8: 0.048087432
A9: 41883 | B9: 3.5840044 | C9: 0.29956101 | D9: -0.20813906 | E9: 0.55495873 | F9: 1.4102326 | G9: 7.6291228 | H9: 0.77831807 | I9: 0.85406015 | J9: 1.1432653 | K9: -0.02 | L9: 0.62754822 | M9: 0.051301344
A10: 41913 | B10: 0.3082207 | C10: 0.065459833 | D10: 1.4941551 | E10: -0.61795118 | F10: -1.5684416 | G10: 0.41857143 | H10: -0.53041678 | I10: -0.59134034 | J10: -0.28906977 | K10: -0.01 | L10: -0.28752547 | M10: 0.061813793
A11: 41944 | B11: 0.14 | C11: 0.81799406 | D11: 2.6975385 | E11: 1.0993176 | F11: -0.27074627 | G11: 0.26963448 | H11: 0.99736827 | I11: 1.1400074 | J11: 0.55142857 | K11: -0.5819742 | L11: 0.55574015 | M11: 0.060610142
A12: 41974 | B12: -0.90842599 | C12: 0.11771028 | D12: -0.28084295 | E12: 0.50759746 | F12: -0.73512195 | G12: -0.36321267 | H12: 0.43055631 | I12: -0.21125588 | J12: -0.53090909 | K12: -0.53779347 | L12: 0.34115243 | M12: 0.079493889
A13: 42005 | B13: -1.1582931 | C13: 0.72632459 | D13: 0.48998464 | E13: -0.33647399 | F13: 1.9605825 | G13: -0.3106782 | H13: 0.29022327 | I13: -0.36951456 | J13: 0.49184834 | K13: -1.7327072 | L13: -0.14421348 | M13: 0.061266167
... A107: 44866 | B107: -5.9731137 | C107: -3.0304974 | D107: -5.8639229 | E107: -2.8430994 | F107: -4.27 | G107: -3.7372172 | H107: -2.8310766 | I107: -3.087401 | J107: -3.5887773 | K107: -4.27 | L107: 0.06328202 | M107: 0.098562628
A108: 44896 | B108: -5.8696203 | C108: -4.4249511 | D108: -3.3345297 | E108: -3.8818815 | F108: -4.3 | G108: -8.9639676 | H108: -3.867401 | I108: -3.8369853 | J108: -5.3909091 | K108: -6.5057236 | L108: 0.80036496
A109: 44927 | B109: -6.211068 | C109: -4.2335523 | D109: -5.1127456 | E109: -5.7567677 | F109: -4.58 | G109: -4.0237086 | H109: -5.3240892 | I109: -4.5289661 | J109: -4.58 | K109: -5.6648327 | L109: -1.098296
A110: 44958 | B110: -0.40539326 | C110: -6.9857938 | D110: -3.2343328 | E110: -3.639272 | F110: -4.72 | G110: -3.3149557 | H110: -4.3966011 | I110: -3.8268925 | J110: -4.72 | K110: -3.8630459 | L110: 1.5612847
A111: 44986 | B111: -7.9527273 | C111: -4.1388248 | D111: -4.0255985 | E111: -6.8221233 | F111: -4.68 | G111: -8.8952864 | H111: -5.2153504 | I111: -6.0097694 | J111: -4.8981818 | K111: -4.6602632 | L111: -0.4120617
A112: 45017 | B112: -7.3363636 | C112: -4.7777401 | D112: -3.8848718 | E112: -6.2194112 | F112: -4.95 | G112: -10.845197 | H112: -4.2771934 | I112: -3.9063357 | J112: -4.8388889 | K112: -5.041133 | L112: 1.2160049
A113: 45047 | B113: -6.3646809 | C113: -5.4254742 | D113: -4.300858 | E113: -4.9103497 | F113: -5.26 | G113: -6.3415451 | H113: -6.379951 | I113: -4.9191357 | J113: -5.700367 | K113: -5.26 | L113: 0.075860469
A114: 45078 | B114: -6.296699 | C114: -5.7978527 | D114: -4.1577039 | E114: -5.2447452 | F114: -5.17 | G114: -1.0945283 | H114: -4.5969322 | I114: -4.9577849 | J114: -4.3128571 | K114: -5.17 | L114: 1.09742
A115: 45108 | B115: -7.2444828 | C115: -4.7422727 | D115: -4.3915957 | E115: -4.6646154 | F115: -5.28 | G115: -6.8856338 | H115: -5.0741698 | I115: -5.2998853 | J115: -4.8533333 | K115: -5.2514581 | L115: 0.63747904
A116: 45139 | B116: -6.5569859 | C116: -5.5821792 | D116: -5.6501355 | E116: -4.7606504 | F116: -5.32 | G116: -7.3687805 | H116: -4.7499739 | I116: -5.9396223 | J116: -5.8607725 | K116: -5.311334 | L116: 0.40186499
A117: 45170 | B117: -10.264259 | C117: -5.6555074 | D117: -4.7180897 | E117: -4.59913 | F117: -5.32 | G117: -7.7788235 | H117: -5.2447222 | I117: -5.6747777 | J117: -5.8862921 | K117: -5.32 | L117: -0.1734189
A118: 45200 | B118: -6.7748788 | C118: -5.148193 | D118: -5.4695626 | E118: -7.0534978 | F118: -5.33 | G118: -12.092022 | H118: -5.2993556 | I118: -5.4943675 | J118: -3.7450943 | K118: -7.5413649 | L118: -0.50607132
A119: 45231 | B119: -4.9833333 | C119: -4.5433834 | D119: -5.2934477 | E119: -5.8660867 | F119: -5.25 | G119: -7.2059322 | H119: -5.0000749 | I119: -5.7131808 | J119: -6.55 | K119: -5.25 | L119: -0.13964012
... A132: 45627 | B132: -3.3593375 | C132: -4.7554956 | D132: -3.2304165 | E132: -3.1008879 | F132: -4.23 | G132: -7.6300811 | H132: -3.4079472 | I132: -3.1561942 | J132: -3.76125 | K132: -4.23 | L132: 0.67775296

Sheet indici
A1: Data | B1: NASDAQ 100 - PRICE INDEX | C1: NASDAQ COMPOSITE - PRICE INDEX | D1: S&P 500 COMPOSITE - PRICE INDEX | E1: S&P 500 GROWTH - PRICE INDEX | F1: S&P 500 VALUE - PRICE INDEX | G1: S&P 500 INTERNET SVS & INF - PRICE INDEX | H1: NASDAQ 100 - YIELD | I1: CYBER
A2: 41640 | B2: 3592 | C2: 4176.59 | D2: 1848.36 | E2: 992.47 | F2: 846.6 | G2: 365.61 | I2: 0.1583885
A3: 41671 | B3: 3440.5 | C3: 3996.96 | D3: 1741.89 | E3: 939.68 | F3: 793.81 | G3: 369.8 | H3: =12*(B3-B2)/B2-'tassi 1 mese'!$D5 -> -0.55612472 | I3: 0.079614313
A4: 41699 | B4: 3668.37 | C4: 4277.3 | D4: 1845.73 | E4: 1003.33 | F4: 834.13 | G4: 399.07 | H4: =12*(B4-B3)/B3-'tassi 1 mese'!$D6 -> 0.74477983 | I4: 0.027955411
A5: 41730 | B5: 3658.4 | C5: 4268.04 | D5: 1885.52 | E5: 1012.3 | F5: 863.76 | G5: 376.83 | H5: =12*(B5-B4)/B4-'tassi 1 mese'!$D7 -> -0.06261394 | I5: 0.03968254
A6: 41760 | B6: 3594.36 | C6: 4127.45 | D6: 1883.68 | E6: 1005.72 | F6: 868.09 | G6: 357.72 | H6: =12*(B6-B5)/B5-'tassi 1 mese'!$D8 -> -0.25005904 | I6: 0.11141316
A7: 41791 | B7: 3732.96 | C7: 4237.2 | D7: 1924.97 | E7: 1036.86 | F7: 878.69 | G7: 367.6 | H7: =12*(B7-B6)/B6-'tassi 1 mese'!$D9 -> 0.42272494 | I7: 0.058741856
A8: 41821 | B8: 3894.33 | C8: 4458.65 | D8: 1973.32 | E8: 1065.35 | F8: 898.5 | G8: 385.55 | H8: =12*(B8-B7)/B7-'tassi 1 mese'!$D10 -> 0.48874116 | I8: 0.018210956
A9: 41852 | B9: 3879.67 | C9: 4352.64 | D9: 1925.15 | E9: 1039.4 | F9: 876.52 | G9: 385.49 | H9: =12*(B9-B8)/B8-'tassi 1 mese'!$D11 -> -0.075173367 | I9: 0.048087432
A10: 41883 | B10: 4082.56 | C10: 4580.27 | D10: 2003.37 | E10: 1085.31 | F10: 908.72 | G10: 396.19 | H10: =12*(B10-B9)/B9-'tassi 1 mese'!$D12 -> 0.60754822 | I10: 0.051301344
A11: 41913 | B11: 3984.74 | C11: 4422.09 | D11: 1946.16 | E11: 1056.79 | F11: 880.46 | G11: 397.76 | H11: =12*(B11-B10)/B10-'tassi 1 mese'!$D13 -> -0.29752547 | I11: 0.061813793
A12: 41944 | B12: 4169.28 | C12: 4638.91 | D12: 2017.81 | E12: 1103.47 | F12: 905.6 | G12: 390.36 | H12: =12*(B12-B11)/B11-'tassi 1 mese'!$D14 -> 0.53574015 | I12: 0.060610142
A13: 41974 | B13: 4287.81 | C13: 4727.35 | D13: 2053.44 | E13: 1123.21 | F13: 921.35 | G13: 387.74 | H13: =12*(B13-B12)/B12-'tassi 1 mese'!$D15 -> 0.30115243 | I13: 0.079493889
A14: 42005 | B14: 4236.28 | C14: 4736.05 | D14: 2058.9 | E14: 1121.62 | F14: 927.97 | G14: 389.74 | H14: =12*(B14-B13)/B13-'tassi 1 mese'!$D16 -> -0.16421348 | I14: 0.061266167
... A108: 44866 | B108: 11288.95 | C108: 10890.85 | D108: 3856.1 | E108: 2411.79 | F108: 1416.8 | G108: 964.51 | H108: =12*(B108-B107)/B107-'tassi 1 mese'!$D110 -> -4.206718 | I108: 0.098562628
A109: 44896 | B109: 12041.89 | C109: 11482.45 | D109: 4076.57 | E109: 2560.25 | F109: 1492.38 | G109: 1019.24 | H109: =12*(B109-B108)/B108-'tassi 1 mese'!$D111 -> -3.499635
A110: 44927 | B110: 10939.76 | C110: 10466.48 | D110: 3839.5 | E110: 2361.04 | F110: 1434.59 | G110: 970.05 | H110: =12*(B110-B109)/B109-'tassi 1 mese'!$D112 -> -5.678296
A111: 44958 | B111: 12363.1 | C111: 11816.32 | D111: 4119.21 | E111: 2519.41 | F111: 1548.09 | G111: 1037.54 | H111: =12*(B111-B110)/B110-'tassi 1 mese'!$D113 -> -3.1587153
A112: 44986 | B112: 11938.57 | C112: 11379.48 | D112: 3951.39 | E112: 2429.69 | F112: 1476.5 | G112: 891.29 | H112: =12*(B112-B111)/B111-'tassi 1 mese'!$D114 -> -5.0920617
A113: 45017 | B113: 13148.35 | C113: 12189.45 | D113: 4124.51 | E113: 2596.47 | F113: 1501.36 | G113: 961.53 | H113: =12*(B113-B112)/B112-'tassi 1 mese'!$D115 -> -3.7339951
A114: 45047 | B114: 13231.47 | C114: 12212.6 | D114: 4167.87 | E114: 2615.6 | F114: 1522.53 | G114: 990.97 | H114: =12*(B114-B113)/B113-'tassi 1 mese'!$D116 -> -5.1841395
A115: 45078 | B115: 14441.51 | C115: 13100.98 | D115: 4221.02 | E115: 2705.68 | F115: 1504.45 | G115: 1053.61 | H115: =12*(B115-B114)/B114-'tassi 1 mese'!$D117 -> -4.07258
A116: 45108 | B116: 15208.69 | C116: 13816.77 | D116: 4455.59 | E116: 2843.83 | F116: 1596.12 | G116: 1051.96 | H116: =12*(B116-B115)/B115-'tassi 1 mese'!$D118 -> -4.642521
A117: 45139 | B117: 15718.01 | C117: 14283.91 | D117: 4576.73 | E117: 2919.05 | F117: 1640.9 | G117: 1032.47 | H117: =12*(B117-B116)/B116-'tassi 1 mese'!$D119 -> -4.918135
A118: 45170 | B118: 15490.86 | C118: 14031.81 | D118: 4515.77 | E118: 2908.7 | F118: 1600.1 | G118: 1068.22 | H118: =12*(B118-B117)/B117-'tassi 1 mese'!$D120 -> -5.4934189
A119: 45200 | B119: 14837.57 | C119: 13307.77 | D119: 4288.39 | E119: 2774.4 | F119: 1511.4 | G119: 1067.35 | H119: =12*(B119-B118)/B118-'tassi 1 mese'!$D121 -> -5.8360713
A120: 45231 | B120: 14664.91 | C120: 13061.47 | D120: 4237.86 | E120: 2725.14 | F120: 1504.68 | G120: 1031.73 | H120: =12*(B120-B119)/B119-'tassi 1 mese'!$D122 -> -5.3896401
... A133: 45627 | B133: 21164.6 | C133: 19403.95 | D133: 6047.15 | E133: 4098.69 | F133: 2015.63 | G133: 1130.09 | H133: =12*(B133-B132)/B132-'tassi 1 mese'!$D135 -> -3.552247

Sheet tassi 1 mese
A1: Name | B1: US TREASURY BILL SECONDARY MARKET RATE ON DISCOUNT BASIS-4 WEEKS | C1: US COMMERCIAL PAPER RATE,DISCOUNT BASIS- FINANCIAL, 1 MONTH NADJ | D1: US TREASURY BILL RATE - 3 MONTH (EP) NADJ
A2: Code | B2: USTBSMR4R | C2: USYCPF1M | D2: USGBILL3
A3: CURRENCY | B3: NA | C3: NA | D3: NA
A4: 41654 | B4: 0.02 | C4: 0.07 | D4: 0.02
A5: 41685 | B5: 0.05 | C5: 0.07 | D5: 0.05
A6: 41713 | B6: 0.05 | C6: 0.07 | D6: 0.05
A7: 41744 | B7: 0.02 | C7: 0.07 | D7: 0.03
A8: 41774 | B8: 0.03 | C8: 0.07 | D8: 0.04
A9: 41805 | B9: 0.02 | C9: 0.07 | D9: 0.04
A10: 41835 | B10: 0.02 | C10: 0.08 | D10: 0.03
A11: 41866 | B11: 0.03 | C11: 0.09 | D11: 0.03
A12: 41897 | B12: 0.01 | C12: 0.09 | D12: 0.02
A13: 41927 | B13: 0.02 | C13: 0.08 | D13: 0.01
A14: 41958 | B14: 0.04 | C14: 0.09 | D14: 0.02
A15: 41988 | B15: 0.03 | C15: 0.11 | D15: 0.04
... A134: 45611 | B134: 4.53 | C134: 4.61 | D134: 4.39
A135: 45641 | B135: NA | C135: NA | D135: 4.23
